timestamp,scream,flushed,stuckOutTongue,stuckOutTongueWinkingEye,wink,smirk,rage,disappointed,kissing,laughing,smiley,relaxed,BrowRaise,BrowFurrow,NoseWrinkle,UpperLipRaise,LipCornerDepressor,ChinRaise,LipPucker,LipPress,LipSuck,MouthOpen,Smirk,EyeClosure,Attention,EyeWiden,CheekRaise,LidTighten,Dimpler,LipStretch,JawDrop,InnerBrowRaise,Smile,Engagement,Valence,Contempt,Surprise,Anger,Sadness,Disgust,Fear,Joy,Glasses
1.133333,0,0,0,0,0,0,0,0,0,0,0,0,0,0,0,0,0,0,0,0,0,0,0,0,0.1628105,0,0,0,0,0,0,0,0,0,0,0,0,0,0,0,0,0,1
1.2,0,0,0,0,0,0,0,0,0,0,0,0,0,0,0,0,0,0,0,0,0,0,0,0,0.1735211,0,0,0,0,0,0,0,0,0,0,0,0,0,0,0,0,0,1
5.1,0.1356011,0.006145285,0,0,0.001829098,2.023861E-06,6.065537E-07,0.0018627,0.001829921,4.819369E-05,4.828829E-05,4.832878E-05,99.99991,6.045465E-05,6.267846E-08,1.691548E-05,0.1001631,0.2245113,0.00251021,0.2748636,0.002436498,7.845975,0.2794752,4.037783E-11,61.80217,6.665517,8.023861E-05,0.002165515,0.01428813,0.5323452,12.06518,99.4825,0.01540126,63.65499,0,0.1982405,77.6216,6.065537E-07,0.912093,0.4903095,0.001119205,8.016083E-05,1
5.166667,0.1518887,0.005179817,0,0,0.001829318,2.150235E-06,5.762682E-07,0.001846596,0.001829783,4.819364E-05,4.82442E-05,4.826588E-05,99.99991,3.530206E-05,9.048704E-09,3.550902E-07,0.004225233,0.09928959,0.001679511,0.3017044,0.01334579,4.194162,0.8090298,3.728615E-12,66.50897,4.590864,2.143658E-06,0.008266577,0.01767728,0.5606962,32.60204,98.86418,0.001064731,57.43391,0,0.2099154,82.2018,5.762682E-07,1.055616,0.4591376,0.0004554615,7.483564E-05,1
5.233333,0.1368042,0.005263951,0,0,0.001829438,2.33161E-06,9.747409E-07,0.001841222,0.001829686,4.819361E-05,4.823233E-05,4.824896E-05,99.99993,4.519165E-05,1.681741E-08,6.0231E-07,0.004167472,0.02624369,0.001222179,0.1545789,0.04419881,4.211133,1.567168,2.121439E-12,64.28307,5.987124,4.35652E-06,0.009154104,0.01113092,0.09654606,19.98822,84.46292,0.002453068,57.46358,0,0.2274605,73.18767,9.747409E-07,0.3888715,0.4585553,0.000619975,7.487569E-05,1
5.266667,0.1340097,0.005205878,0,0,0.001829479,2.319609E-06,9.399146E-07,0.001838508,0.001829742,4.819365E-05,4.822873E-05,4.824381E-05,99.99979,5.788959E-05,4.150053E-08,1.052225E-06,0.00385465,0.02042902,0.002478164,0.1921649,0.07486591,3.88098,0.8228388,2.157044E-11,63.01208,5.56581,7.650979E-06,0.008999091,0.01143243,0.1024361,25.82127,85.17057,0.003940105,56.88593,0,0.2101777,75.44531,9.399146E-07,0.4173598,0.455102,0.0004952022,7.444591E-05,1
5.333333,0.1255521,0.004641089,0,0,0.001829489,2.318895E-06,1.694777E-06,0.001836734,0.001829874,4.819489E-05,4.823264E-05,4.824886E-05,99.99633,5.349819E-05,7.602241E-08,1.937972E-06,0.001652819,0.01071883,0.003958691,0.1614508,0.1157535,4.366016,0.8863037,2.810752E-11,58.17936,1.452558,1.76721E-05,0.009689248,0.00833883,0.0479028,15.22163,63.42064,0.007888767,57.72749,0,0.2115343,60.97675,1.694777E-06,0.1107821,0.4580826,0.0003247292,7.516243E-05,1
5.4,0.117394,0.00418041,0,0,0.001831314,2.356176E-06,3.622286E-06,0.00183574,0.001829897,4.820729E-05,4.825133E-05,4.827055E-05,99.95898,0.0001228766,2.855451E-07,3.484409E-06,0.005071634,0.02464654,0.002784704,0.356767,0.4896471,3.1862,1.306241,0.0006635658,43.47218,0.1422742,3.573029E-05,0.02300033,0.01471347,0.04324393,14.98345,39.9446,0.01294484,55.59291,0,0.2210816,48.19031,3.622286E-06,0.02496709,0.4406773,0.000194294,7.371787E-05,1
5.466667,0,0,0,0,0,0,0,0,0,0,0,0,0,0,0,0,0,0,0,0,0,0,0,0,3.108032,0,0,0,0,0,0,0,0,0,0,0,0,0,0,0,0,0,1
5.533333,0,0,0,0,0,0,0,0,0,0,0,0,0,0,0,0,0,0,0,0,0,0,0,0,1.056635,0,0,0,0,0,0,0,0,0,0,0,0,0,0,0,0,0,1
5.6,0,0,0,0,0,0,0,0,0,0,0,0,0,0,0,0,0,0,0,0,0,0,0,0,0.1192828,0,0,0,0,0,0,0,0,0,0,0,0,0,0,0,0,0,1
5.666667,0,0,0,0,0,0,0,0,0,0,0,0,0,0,0,0,0,0,0,0,0,0,0,0,0.2109323,0,0,0,0,0,0,0,0,0,0,0,0,0,0,0,0,0,1
8.033334,0,0,0,0,0,0,0,0,0,0,0,0,0,0,0,0,0,0,0,0,0,0,0,0,4.621399,0,0,0,0,0,0,0,0,0,0,0,0,0,0,0,0,0,1
8.1,0,0,0,0,0,0,0,0,0,0,0,0,0,0,0,0,0,0,0,0,0,0,0,0,2.827819,0,0,0,0,0,0,0,0,0,0,0,0,0,0,0,0,0,1
8.166667,0,0,0,0,0,0,0,0,0,0,0,0,0,0,0,0,0,0,0,0,0,0,0,0,2.855636,0,0,0,0,0,0,0,0,0,0,0,0,0,0,0,0,0,1
8.233334,0,0,0,0,0,0,0,0,0,0,0,0,0,0,0,0,0,0,0,0,0,0,0,0,1.100565,0,0,0,0,0,0,0,0,0,0,0,0,0,0,0,0,0,1
8.3,0,0,0,0,0,0,0,0,0,0,0,0,0,0,0,0,0,0,0,0,0,0,0,0,0.2734662,0,0,0,0,0,0,0,0,0,0,0,0,0,0,0,0,0,1
8.366667,0,0,0,0,0,0,0,0,0,0,0,0,0,0,0,0,0,0,0,0,0,0,0,0,0.6371439,0,0,0,0,0,0,0,0,0,0,0,0,0,0,0,0,0,1
8.433333,0,0,0,0,0,0,0,0,0,0,0,0,0,0,0,0,0,0,0,0,0,0,0,0,0.247551,0,0,0,0,0,0,0,0,0,0,0,0,0,0,0,0,0,1
8.5,0,0,0,0,0,0,0,0,0,0,0,0,0,0,0,0,0,0,0,0,0,0,0,0,0.3366356,0,0,0,0,0,0,0,0,0,0,0,0,0,0,0,0,0,1
8.533334,0,0,0,0,0,0,0,0,0,0,0,0,0,0,0,0,0,0,0,0,0,0,0,0,0.1875263,0,0,0,0,0,0,0,0,0,0,0,0,0,0,0,0,0,1
8.6,0,0,0,0,0,0,0,0,0,0,0,0,0,0,0,0,0,0,0,0,0,0,0,0,0.09395791,0,0,0,0,0,0,0,0,0,0,0,0,0,0,0,0,0,1
8.666667,0,0,0,0,0,0,0,0,0,0,0,0,0,0,0,0,0,0,0,0,0,0,0,0,0.08828923,0,0,0,0,0,0,0,0,0,0,0,0,0,0,0,0,0,1
8.733334,0,0,0,0,0,0,0,0,0,0,0,0,0,0,0,0,0,0,0,0,0,0,0,0,0.05781513,0,0,0,0,0,0,0,0,0,0,0,0,0,0,0,0,0,1
8.8,0,0,0,0,0,0,0,0,0,0,0,0,0,0,0,0,0,0,0,0,0,0,0,0,0.04375715,0,0,0,0,0,0,0,0,0,0,0,0,0,0,0,0,0,1
8.866667,0,0,0,0,0,0,0,0,0,0,0,0,0,0,0,0,0,0,0,0,0,0,0,0,0.07920661,0,0,0,0,0,0,0,0,0,0,0,0,0,0,0,0,0,1
9.533334,0.02801642,0.001829086,0,0,0.003192595,1.902417E-06,0.05018314,0.001829321,0.001829656,0.0001365168,0.0001365188,0.0004997395,3.221191E-07,35.68255,0.0009068082,1.480983E-05,0.0007094612,0.004474704,0.00171277,0.04685527,0.2218801,0.07080943,0.001002656,0.0001571709,95.05125,1.853994E-05,2.690894E-06,5.217683,0.01281259,0.00571064,0.05399434,0.004414627,0.0002719547,1.016835,0,0.3755146,0.02275268,0.05018314,0.3457701,0.422105,0.01488842,0.0001772099,1
9.6,0.0280556,0.001829086,0,0,0.007419276,1.902913E-06,0.01367815,0.001829338,0.001830284,0.0002770402,0.0002770443,0.0006868707,3.448236E-07,20.31071,0.000580935,8.035579E-06,0.0008088451,0.003848205,0.005488195,0.05212111,0.391221,0.05350635,0.003350554,0.0002828958,95.74267,1.058104E-05,2.81254E-06,4.843732,0.01172053,0.004333883,0.1308176,0.003818495,0.0003981453,0.3456118,0,0.2818163,0.05726792,0.01367815,0.109167,0.4186719,0.008896276,0.0004845375,1
9.666667,0,0,0,0,0,0,0,0,0,0,0,0,0,0,0,0,0,0,0,0,0,0,0,0,97.43439,0,0,0,0,0,0,0,0,0,0,0,0,0,0,0,0,0,1
9.733334,0,0,0,0,0,0,0,0,0,0,0,0,0,0,0,0,0,0,0,0,0,0,0,0,97.10982,0,0,0,0,0,0,0,0,0,0,0,0,0,0,0,0,0,1
9.8,0.02806443,0.001829086,0,0,0.009673648,1.903871E-06,0.1973466,0.001829316,0.001830358,0.0001981425,0.0001981453,0.0005484691,1.219857E-07,52.44363,5.666449E-05,3.339889E-07,0.0005599633,0.01260963,0.004268751,0.0382806,0.7605563,0.2427668,0.00896993,0.001118285,97.71023,2.622711E-06,6.833494E-07,4.587162,0.02833896,0.02193301,0.1184112,0.009569629,0.0001529743,3.413972,0,0.5139021,0.008371664,0.1973466,1.188144,0.4124309,0.02598523,5.934418E-05,1
9.866667,0.02806777,0.001829086,0,0,0.01146143,1.904071E-06,0.4531161,0.001829307,0.001830349,0.0001535035,0.0001535056,0.0004586721,1.066546E-07,62.38041,2.996141E-05,9.983946E-08,0.0005874158,0.01288789,0.003714325,0.03234806,0.7960116,0.2370919,0.00633259,0.001754246,97.95708,2.11197E-06,5.428656E-07,4.70551,0.02957385,0.02333311,0.1141877,0.01053456,0.0001350621,6.721642,0,0.6183275,0.004611148,0.4531161,2.470333,0.4117245,0.03619222,3.096451E-05,1
9.933333,0.02806939,0.001829086,0,0,0.01123705,1.903989E-06,0.7136485,0.001829298,0.001830238,0.0001254373,0.0001254389,0.0003979823,1.575382E-07,67.83546,1.984787E-05,4.63107E-08,0.0005285302,0.01111824,0.002130219,0.03470737,0.6830143,0.2021548,0.003949867,0.003418542,98.73386,1.980338E-06,4.571021E-07,4.774786,0.01973993,0.01851662,0.1122999,0.01116803,0.0001063461,9.546333,0,0.6842925,0.003321074,0.7136485,3.684043,0.41379,0.04340451,2.165299E-05,1
10,0.02807048,0.001829086,0,0,0.01076865,1.903813E-06,0.5014839,0.00182929,0.001830139,0.0001075411,0.0001075425,0.0003619448,1.509518E-07,63.4959,2.807542E-05,5.797407E-08,0.0004943382,0.0128205,0.001686821,0.02804537,0.8122849,0.1658707,0.002217725,0.002127565,98.60917,2.040505E-06,5.049613E-07,4.933113,0.02232315,0.0221541,0.1123691,0.01185162,0.0001311015,7.246579,0,0.6310399,0.004304921,0.5014839,2.686022,0.4108589,0.03756484,2.874694E-05,1
10.03333,0.02806962,0.001829086,0,0,0.01021795,1.903655E-06,0.2489409,0.001829283,0.001830065,9.696091E-05,9.69621E-05,0.0003455911,2.678894E-07,55.00932,5.290019E-05,1.415604E-07,0.0004694105,0.013078,0.001603636,0.04852724,0.8955188,0.169566,0.001692696,0.001901336,98.34661,1.806309E-06,7.922079E-07,5.01729,0.02258117,0.01957962,0.1010625,0.01192429,0.0002090722,4.11049,0,0.5386754,0.007162035,0.2489409,1.436874,0.4092188,0.02832046,5.010376E-05,1
10.1,0.02806864,0.001829086,0,0,0.009950276,1.903515E-06,0.1750863,0.001829277,0.001830009,9.050863E-05,9.050967E-05,0.000338392,4.289165E-07,50.8388,0.0001263129,4.251576E-07,0.0004569791,0.01624028,0.001594197,0.08466653,1.147163,0.1959409,0.001290225,0.003455518,98.57288,1.113503E-06,1.050406E-06,4.899638,0.02520617,0.02134369,0.09852026,0.01493521,0.0002798894,3.138388,0,0.4983352,0.009204321,0.1750863,1.049302,0.4044403,0.02465002,6.586234E-05,1
10.16667,0.0280675,0.001829086,0,0,0.009436071,1.90339E-06,0.2067936,0.001829268,0.001829963,8.484197E-05,8.48429E-05,0.0003306635,3.1594E-07,52.7325,0.0002078739,7.925329E-07,0.0003264037,0.01700763,0.001528444,0.2003169,1.266586,0.2421042,0.0009335011,0.003625924,98.66763,9.571576E-07,1.216196E-06,5.050957,0.02642008,0.0186716,0.0951285,0.01857073,0.0003091714,3.606228,0,0.5162341,0.008225341,0.2067936,1.201291,0.4024141,0.02625856,5.823345E-05,1
10.23333,0.02806794,0.001829086,0,0,0.008955155,1.903274E-06,0.3721449,0.001829261,0.001829939,7.876325E-05,7.876408E-05,0.0003185738,2.422706E-07,59.55516,0.0001340616,4.282103E-07,0.0003432887,0.01327343,0.001917026,0.4081139,1.09032,0.1843366,0.000564942,0.003517619,98.39309,1.176473E-06,1.113096E-06,5.504134,0.02222298,0.01325118,0.1084079,0.02023086,0.0002837325,5.673069,0,0.5862486,0.005456148,0.3721449,1.990896,0.4054407,0.03294365,3.721944E-05,1
10.3,0.02807031,0.001829086,0,0,0.008501953,1.90317E-06,0.5828724,0.001829258,0.001829948,7.31068E-05,7.310756E-05,0.0003054266,2.910443E-07,64.70334,0.000125481,4.465039E-07,0.0004079346,0.01397861,0.002882813,0.486161,1.043239,0.2806239,0.0003345305,0.0009040132,96.26759,1.203902E-06,1.165909E-06,5.872723,0.01766117,0.009797591,0.1301184,0.01667939,0.0002894481,7.968219,0,0.6452602,0.004017407,0.5828724,2.89074,0.4070244,0.0390746,2.661865E-05,1
10.36667,0.02807542,0.001829086,0,0,0.008104018,1.903081E-06,0.5905048,0.001829254,0.001829992,6.837405E-05,6.837479E-05,0.0002943705,3.484593E-07,64.89413,0.0002390444,1.049961E-06,0.0003784055,0.01467452,0.004147383,0.9022053,0.9401273,0.5516594,0.0002609511,0.0001340734,97.30414,1.169087E-06,1.574475E-06,5.635371,0.02077698,0.009705319,0.1669301,0.01606343,0.0003693216,8.014271,0,0.647549,0.004001577,0.5905048,2.890776,0.4110491,0.03927492,2.641847E-05,1
10.43333,0.02807981,0.001829086,0,0,0.007724864,1.903006E-06,0.6189757,0.00182925,0.001830053,6.431883E-05,6.431956E-05,0.000284745,4.308326E-07,65.45999,0.0002109878,1.182845E-06,0.0003758143,0.01305467,0.005126866,0.6865149,0.869257,0.8735445,0.0002626171,0.0001076729,97.76839,1.321887E-06,1.926617E-06,5.424906,0.02298985,0.01046666,0.1677227,0.01559681,0.00045681,8.281139,0,0.6544062,0.003899283,0.6189757,2.994872,0.4148629,0.0400216,2.560769E-05,1
10.5,0.0280831,0.001829086,0,0,0.007403832,1.902941E-06,0.3955548,0.001829247,0.001830108,6.136613E-05,6.136685E-05,0.0002790524,3.618528E-07,60.1827,0.000723196,6.70983E-06,0.0003511997,0.01087591,0.005203904,0.6109358,0.7867828,1.148793,0.0002314063,0.0004147417,98.04237,1.425394E-06,2.815347E-06,5.037473,0.02917559,0.01240521,0.1612191,0.01648206,0.0006782188,5.94105,0,0.5931078,0.005388048,0.3955548,2.02299,0.4186297,0.03357695,3.63559E-05,1
10.53333,0.02808505,0.001829086,0,0,0.007126695,1.902884E-06,0.3150282,0.001829242,0.001830146,5.91873E-05,5.918804E-05,0.0002757215,3.299065E-07,57.13511,0.000864853,7.941281E-06,0.0002775379,0.007999413,0.004796408,0.6559139,0.5506884,2.227689,0.0002194189,0.000685637,97.10574,1.428292E-06,3.85031E-06,4.829161,0.03917093,0.01557752,0.1479946,0.01651857,0.0009104781,5.202238,0,0.5603406,0.006644136,0.3150282,1.564988,0.431812,0.03034987,4.526295E-05,1
10.6,0.02809317,0.001829086,0,0,0.007103099,1.902859E-06,0.3682968,0.001829232,0.001830227,5.203331E-05,5.203417E-05,0.0002578186,4.181201E-07,56.88508,0.001612873,2.081922E-05,0.0002246615,0.007172047,0.005366131,0.1034136,0.336771,8.375819,0.000123632,0.0002501693,96.29161,1.838502E-06,5.056361E-06,4.282684,0.02515204,0.01910752,0.1733683,0.01637972,0.001246284,7.717502,0,0.5577148,0.007869007,0.3682968,1.271135,0.4876903,0.03007454,5.145426E-05,1
10.66667,0.02809704,0.001829086,0,0,0.006503843,1.90277E-06,0.5440875,0.001829218,0.001830218,2.630279E-05,2.630358E-05,0.0002155859,5.016379E-07,55.80062,0.0008578004,1.354648E-05,0.0001867015,0.005493609,0.00509796,0.01142112,0.1443372,22.52739,0.0001943432,0.0002948829,95.48603,2.942714E-06,6.147558E-06,4.493543,0.01030463,0.02162173,0.1875206,0.013472,0.001611559,17.53755,0,0.5465395,0.01196484,0.5440875,0.7384212,0.6357637,0.02899319,7.145281E-05,1
10.73333,0.02810306,0.001829086,0,0,0.006262452,1.90273E-06,2.132694,0.001829214,0.001830256,2.593112E-05,2.593208E-05,0.0002141763,3.923906E-07,61.8484,0.002525611,4.967196E-05,0.0001934223,0.005243846,0.005214386,0.002588019,0.1563713,49.41152,0.0003012511,0.000287488,92.00347,2.99032E-06,6.694988E-06,4.13284,0.00712985,0.01575654,0.2272206,0.01222086,0.001662036,69.08893,0,0.6117685,0.01631256,2.132694,0.4755462,1.031912,0.03541356,7.841324E-05,1
10.8,0.02811783,0.001829086,0,0,0.006028427,1.902693E-06,1.84169,0.001829211,0.001830323,2.627384E-05,2.627523E-05,0.0002157623,4.994002E-07,55.73142,0.003741533,0.0001155275,0.0002579618,0.0122077,0.006975167,0.001453034,0.1796455,61.14916,0.0002924149,2.577857E-05,92.23549,3.742598E-06,9.012942E-06,3.508488,0.008738126,0.01161017,0.3835796,0.01057281,0.00208663,76.95473,0,0.5458211,0.03166892,1.84169,0.203702,1.27286,0.02872852,0.0001448731,1
10.86667,0.02815038,0.001829086,0,0,0.005319516,1.902477E-06,0.6614315,0.001829207,0.001830404,2.707366E-05,2.707603E-05,0.0002182683,4.570462E-07,48.4491,0.0009783865,1.915449E-05,0.000352428,0.01688371,0.008399844,0.005707433,0.1669153,49.18551,0.0002920527,3.282277E-06,91.52515,5.179647E-06,1.026377E-05,2.902214,0.008620403,0.009634125,0.655204,0.01059034,0.002433939,45.78613,0,0.4764766,0.03654583,0.6614315,0.1758575,1.026895,0.02233337,0.0001877392,1
10.93333,0.0281978,0.001829086,0,0,0.004450568,1.902327E-06,0.1146965,0.001829204,0.00183051,3.328372E-05,3.328856E-05,0.0002352926,3.892731E-07,36.87754,0.0001591429,1.752569E-06,0.0004292468,0.0188129,0.009102806,0.02991286,0.1496171,25.65726,0.0002869277,2.33021E-06,91.22183,7.540138E-06,9.690079E-06,2.720381,0.005894995,0.007649253,0.892857,0.0088649,0.002633508,6.439936,0,0.3838939,0.04082647,0.1146965,0.1617385,0.6723744,0.0150657,0.0002610499,1
11,0.02826726,0.001829086,0,0,0.003959868,1.902235E-06,0.04089754,0.001829202,0.001830718,4.58838E-05,4.589306E-05,0.0002641147,2.457134E-07,28.66866,9.818637E-06,6.573935E-08,0.000437778,0.02504698,0.01275913,0.1064092,0.1020269,15.86675,0.0002692504,3.854521E-06,91.53489,8.920927E-06,8.383442E-06,2.288587,0.004146826,0.006710338,1.245581,0.007584688,0.002609396,1.867431,0,0.3293092,0.05266816,0.04089754,0.1210868,0.5646225,0.01132519,0.0003739063,1
11.03333,0.02836372,0.001829086,0,0,0.003578722,1.902186E-06,0.0389276,0.001829202,0.001831022,5.844323E-05,5.845687E-05,0.0002917242,2.188202E-07,28.41715,1.423165E-05,9.391884E-08,0.0004836179,0.04807846,0.01719315,0.1161066,0.09291109,15.26774,0.0002114714,6.07996E-06,90.30512,1.09781E-05,8.039734E-06,2.117929,0.003906604,0.00583025,1.673849,0.005956766,0.002521958,1.759295,0,0.3277651,0.05312539,0.0389276,0.1212068,0.5587879,0.01107098,0.0003759899,1
11.1,0.02847633,0.001829086,0,0,0.003285425,1.902147E-06,0.03766086,0.001829208,0.001831548,6.903605E-05,6.905358E-05,0.0003139479,1.126237E-07,29.53063,5.456187E-06,2.577136E-08,0.0007958725,0.1770882,0.02841715,0.04161655,0.1228092,11.93323,0.0001452577,3.826677E-06,93.51651,1.529992E-05,7.366848E-06,1.822933,0.003855845,0.004469283,1.916171,0.005729507,0.002445244,1.50509,0,0.3346566,0.04594279,0.03766086,0.1473247,0.5253199,0.01139672,0.0003289944,1
11.16667,0.02862562,0.001829086,0,0,0.002924064,1.902118E-06,0.0301929,0.001829217,0.001832311,7.831451E-05,7.833485E-05,0.0003328697,5.922811E-08,30.22257,4.031652E-06,1.610088E-08,0.0008888791,0.2293964,0.04046562,0.04149612,0.1388099,3.776614,0.000114243,1.717475E-06,92.83805,1.740371E-05,5.257072E-06,1.684641,0.004815143,0.003602126,2.480339,0.005464542,0.001851686,0.8886076,0,0.3390257,0.03635526,0.0301929,0.2034904,0.4528913,0.0114455,0.0002710629,1
11.23333,0.02883008,0.001829086,0,0,0.002724063,1.902098E-06,0.02415138,0.001829239,0.001833295,8.926199E-05,8.928522E-05,0.0003548557,5.846288E-08,28.77535,1.169548E-05,4.488981E-08,0.001475945,0.2570547,0.05159783,0.032893,0.2105061,1.410248,0.0001115334,7.519913E-07,87.18418,1.747886E-05,4.577951E-06,1.207299,0.01077096,0.003000164,3.307646,0.005158542,0.001708033,0.6781564,0,0.3299832,0.03799813,0.02415138,0.1973483,0.4323815,0.01060968,0.0002854394,1
11.3,0.02909938,0.001829086,0,0,0.002564534,1.902086E-06,0.02405114,0.001829278,0.001834056,0.0001007315,0.0001007574,0.0003797604,4.643781E-08,29.1823,9.658618E-06,2.214307E-08,0.0023075,0.3046372,0.04064797,0.03130107,0.1776424,0.3883353,0.0001070673,8.522254E-06,88.10665,1.777841E-05,4.093275E-06,1.12659,0.01778604,0.003199593,4.264177,0.004680227,0.001607839,0.649202,0,0.3325047,0.03684444,0.02405114,0.2106066,0.4251384,0.010417,0.0002728156,1
11.36667,0.0294374,0.001829086,0,0,0.002447058,1.90208E-06,0.02562724,0.001829336,0.001834511,0.0001118809,0.0001119088,0.0004056519,2.371155E-08,30.02059,4.677556E-06,6.706443E-09,0.00338094,0.1422859,0.02608663,0.06957315,0.1695637,0.2958441,8.992381E-05,4.679511E-05,92.13167,1.625909E-05,3.243852E-06,1.061132,0.01880737,0.003385654,5.249399,0.005363552,0.001364889,0.6844802,0,0.3377599,0.0356527,0.02562724,0.2248401,0.4246026,0.01036627,0.0002578054,1
14.3,99.50211,0.001829086,0,0,0.001829086,1.953671E-06,1.226556E-06,0.001829086,0.001842442,4.759516E-05,4.759516E-05,4.83861E-05,99.98003,0.31705,0.007751829,0.005271573,2.724381E-09,1.166076E-06,0.04001363,1.69907E-09,2.547027E-06,67.67799,0.1206352,99.00669,82.10842,3.154825E-10,0.0008822606,2.084798E-07,3.587396E-08,0.001559954,99.97103,99.86798,0.08134872,99.20981,0,0.1951236,98.80936,1.226556E-06,0.1638153,1.65694,3.073169E-05,0.0002357052,1
14.36667,50.31006,0.001829086,0,0,0.001829096,1.974734E-06,0.03950034,0.001829086,0.00188328,0.000699234,0.000699234,0.0008394628,0.6268037,3.926093,1.652841,0.4268271,3.439951E-08,0.0003692786,2.621914,2.991437E-07,0.0002944022,99.72141,0.2166399,8.464543,96.89719,1.771039E-08,0.01809315,0.001289643,6.813013E-06,0.003257459,99.2272,13.30796,0.9780282,56.47682,0,0.1972026,15.31006,0.03950034,0.002602043,2.829215,0.0002169702,0.009968183,1
14.43333,33.83649,0.001829086,0,0,0.001829301,2.00444E-06,0.3792989,0.001829086,0.001869437,0.0005225175,0.0005295614,0.000812214,0.006358953,24.41844,8.34757,1.600665,3.492943E-08,0.0003856525,3.861866,1.63348E-06,0.0002893507,99.96204,0.3675301,0.004876199,94.5067,6.330635E-08,0.02575606,0.03169568,1.757078E-05,0.004350579,95.35365,1.047153,0.9301498,85.0873,0,0.2950383,3.599483,0.3792989,0.005400491,5.316289,0.0004080989,0.002651167,1
14.5,25.51946,0.001829086,0,0,0.001830296,2.077536E-06,2.842856,0.001829086,0.00186087,0.0003932829,0.0003990744,0.0006847594,0.000263218,49.58691,30.13514,4.498723,1.005288E-08,0.0002810872,5.5524,5.843952E-06,4.385961E-05,99.98174,0.8488156,0.003221165,92.80704,1.413505E-07,0.0912399,0.1910615,2.081319E-05,0.00885331,82.97643,0.2307544,2.44617,97.18217,0,0.4436155,0.6296065,2.842856,0.03050466,28.91167,0.001272406,0.000654596,1
14.53333,20.47216,0.001829086,0,0,0.001832421,2.148731E-06,4.420413,0.001829086,0.001855785,0.0003149087,0.0003198647,0.000592962,5.969498E-05,57.62705,41.09939,4.872789,9.941433E-09,0.0005001863,3.003829,7.754065E-05,5.816385E-05,99.9809,1.108942,0.003112061,94.66724,2.259335E-07,0.2379412,0.587363,3.711261E-05,0.0200985,63.71626,0.1242508,5.992984,98.3934,0,0.4065513,0.2648031,4.420413,0.04369504,46.76557,0.002491702,0.0006909961,1
14.6,17.0812,0.001829086,0,0,0.001839018,2.246065E-06,0.240494,0.001829086,0.001852957,0.0002628904,0.0002729984,0.000585032,1.375116E-05,33.42357,56.16836,2.63809,9.492787E-09,0.0007135971,1.604571,0.0001226141,0.0001648088,99.97083,1.630806,0.00432212,91.35767,3.840349E-07,0.6033371,1.331565,3.85167E-05,0.04320689,41.5132,0.07345302,20.63497,98.21885,0,0.09131856,0.7214586,0.240494,0.002672995,54.40902,0.0008780092,0.03696691,1
14.66667,14.64968,0.001829086,0,0,0.001851112,2.252139E-06,0.09604064,0.001829086,0.001858881,0.0002348953,0.0005725758,0.0006007652,3.540711E-06,27.56973,18.47462,0.207396,4.857608E-08,0.0006925768,2.563899,0.0006257976,0.0005414024,99.80695,0.8326438,0.004203049,81.67559,4.052482E-07,0.7356843,2.657934,0.0001097785,0.07038309,21.28543,0.0567435,28.03152,87.60426,5.398605,0.04318661,0.681246,0.09604064,0.001056973,2.183089,0.0008661745,0.1811101,1
14.73333,12.82661,0.001829086,0,0,0.001871203,2.224306E-06,0.4508194,0.001829086,0.001870677,0.0002124697,0.0005795563,0.0005860705,1.868103E-06,38.41251,10.01831,0.06788158,3.000174E-07,0.0004308976,5.704187,0.001736831,0.0009056968,99.63876,0.2919279,0.00251162,79.33067,4.481241E-07,0.4865159,3.73974,0.0001908103,0.05054939,23.22884,0.04491054,19.07187,93.80775,0,0.09778868,0.3690461,0.4508194,0.004352227,1.823615,0.002116114,0.02052862,1
14.8,11.40949,0.001829086,0,0,0.001897541,2.196754E-06,4.405121,0.001829086,0.00187904,0.000191494,0.0005253636,0.0005467774,1.247217E-06,58.43532,1.561992,0.0080351,1.568866E-06,0.0003445685,7.890935,0.001286783,0.001554345,99.65937,0.1725572,0.003480653,85.73206,5.014896E-07,0.300546,5.51566,0.0002050552,0.03103968,26.24227,0.0351321,10.6489,98.44744,0,0.263911,0.1182328,4.405121,0.03420216,1.480285,0.006536464,0.001395843,1
14.86667,10.27417,0.001829086,0,0,0.002489035,2.174398E-06,25.52581,0.001829086,0.001879203,0.0001731878,0.0004758027,0.000509207,8.047862E-07,65.92585,8.27165,0.09104875,2.139814E-06,0.0004348698,8.448765,0.002008898,0.001635681,99.84705,0.1653786,0.003055038,88.02679,1.343206E-06,0.2979323,32.02876,0.0004795785,0.02299196,19.24921,0.005365231,9.910498,99.09695,0,0.3205726,0.06588975,25.52581,0.0624751,2.821644,0.01111913,0.0007601792,1
14.93333,9.344687,0.001829086,0,0,0.002992495,2.153631E-06,37.51369,0.001829086,0.001887835,0.0001575686,0.000432931,0.000476805,4.778379E-07,70.36931,28.72895,0.6729199,2.49143E-06,0.0001720536,9.83749,0.0007060331,0.0005603789,99.58018,0.1028371,0.0003732505,73.85217,1.205926E-06,0.2776845,34.51873,0.0003423755,0.01815155,15.89902,0.007158511,8.789944,99.32832,0,0.3762528,0.04689569,37.51369,0.09477089,16.71592,0.01553388,0.00047083,1
15,8.570133,0.001829086,0,0,0.003970935,2.134884E-06,33.70401,0.001829086,0.001972992,0.0001447021,0.0003977665,0.0004566422,3.138906E-07,69.21438,18.42423,0.2467765,8.771906E-06,0.000142341,19.06858,0.0007475229,0.0007207566,97.44662,0.06267347,7.248016E-05,66.08387,1.124536E-06,0.2975676,35.80997,0.0005081163,0.01601375,16.01935,0.007573146,9.741732,99.15198,0,0.3414849,0.04776478,33.70401,0.0875846,6.587104,0.01397167,0.0005708044,1
15.03333,7.914664,0.001829086,0,0,0.005524137,2.11815E-06,27.32506,0.001829087,0.002886982,0.0001339084,0.0003684033,0.0004914894,2.238253E-07,70.18147,13.017,0.1305154,2.863686E-05,0.0001451855,31.84464,0.00176192,0.00232852,88.86283,0.03617589,0.0002087904,72.76264,1.188655E-06,0.3135964,34.49156,0.0008243403,0.01435303,15.44807,0.008574868,10.19446,98.54778,0,0.3352007,0.03595909,27.32506,0.1216033,3.458515,0.01426915,0.0004936179,1
15.1,7.35252,0.001829086,0,0,0.01027167,2.103453E-06,20.59175,0.001829087,0.01808003,0.00012472,0.0003435183,0.0005231377,1.768258E-07,70.89189,9.792693,0.07100794,3.294825E-05,7.728507E-05,35.27592,0.003234413,0.001978765,73.75565,0.02452001,0.0005071404,73.51216,1.194061E-06,0.3360473,36.33663,0.00107079,0.01226168,12.87863,0.009121297,10.48514,96.04224,0,0.3319694,0.02243974,20.59175,0.2079698,1.954153,0.01561127,0.00037546,1
15.16667,6.864965,0.001829086,0,0,0.0152892,2.090951E-06,7.554115,0.001829088,0.06006674,0.0001171212,0.0003249524,0.0006229933,1.320674E-07,68.0159,2.951396,0.01100103,4.015502E-05,4.928174E-05,32.32005,0.005459704,0.001013501,56.49643,0.03283878,0.0008958036,79.65513,1.146914E-06,0.4285237,34.42886,0.002113619,0.01226395,9.287936,0.009331645,14.15188,85.20639,0,0.2393496,0.0161217,7.554115,0.2332922,0.6136118,0.01252093,0.0006034146,1
15.23333,6.438334,0.001829086,0,0,0.01945205,2.080385E-06,5.661814,0.001829089,0.2550654,0.000110565,0.000309653,0.0007266719,1.069215E-07,67.81635,1.382654,0.003862046,4.983399E-05,4.30391E-05,45.82207,0.01483546,0.000488546,58.78777,0.04684125,0.002377005,71.64078,1.347982E-06,0.4409441,27.89791,0.001592945,0.01183764,9.059679,0.008245563,14.77973,86.99248,0,0.2278523,0.01719854,5.661814,0.2042126,0.5334037,0.01201887,0.0007063173,1
15.3,6.061966,0.001829086,0,0,0.02134935,2.071399E-06,3.603371,0.00182909,1.130582,0.0001047312,0.0002957787,0.0008088638,6.695135E-08,69.3017,0.8600556,0.002031597,5.369559E-05,4.957418E-05,50.51936,0.01708997,0.0003818726,42.71861,0.0602252,0.0008702673,63.14502,1.562091E-06,0.4336175,26.53568,0.00124648,0.01018104,9.902933,0.007812206,14.68235,80.46778,0,0.2363205,0.01070699,3.603371,0.3917986,0.3829416,0.01235822,0.0004709453,1
15.36667,0.2110112,0.001829086,0,0,0.02539549,2.072108E-06,2.301754,0.001829091,5.542166,0.0001023433,0.0002990842,0.00112023,9.935916E-09,76.4584,0.5877117,0.00129253,6.401099E-05,5.718286E-05,66.042,0.02969953,0.0002850474,30.67097,0.1483287,0.001322921,70.54533,1.759603E-06,0.6907756,22.07914,0.002482409,0.009923389,6.859981,0.007603053,21.18629,95.4163,0,0.1676086,0.004852523,2.301754,0.6472309,0.1964506,0.0112539,0.0006864502,1
15.43333,0.1472858,0.001829086,0,0,0.02904823,2.07348E-06,1.290346,0.001829093,10.31063,2.322766E-05,0.00022146,0.001435257,8.040229E-09,78.35227,1.084059,0.003220185,6.589846E-05,6.667246E-05,67.99863,0.02929592,0.00060357,13.09684,0.2689238,0.004811324,76.26538,1.949338E-06,0.7541639,21.33063,0.003815256,0.009905899,5.916104,0.007329621,23.04124,96.47967,0,0.1530827,0.002739159,1.290346,1.177929,0.1322739,0.01093142,0.0005967988,1
15.5,0.09699011,0.001829086,0,0,0.04998714,2.074169E-06,1.15664,0.001829094,15.54469,1.358733E-05,0.0002121216,0.001932042,6.874392E-09,78.2269,3.006192,0.01389099,7.318494E-05,5.449526E-05,71.48827,0.01701806,0.0007759127,14.15155,0.392984,0.006499754,77.82749,3.061958E-06,0.805574,20.60834,0.006411171,0.009479261,5.648851,0.005887995,24.53224,97.21069,0,0.1383976,0.002818393,1.15664,1.021714,0.1454427,0.009943765,0.0007828518,1
15.53333,0.06557037,0.001829086,0,0,0.07347054,2.068491E-06,1.056105,0.001829096,21.1221,1.357278E-05,0.0002165867,0.002525307,8.044892E-09,75.66096,5.22892,0.03006456,0.0001057112,4.512249E-05,75.98707,0.01466146,0.0007050865,21.62652,0.6556237,0.007958204,69.36442,4.272453E-06,0.8057863,18.26601,0.008805721,0.008409847,5.566745,0.005210101,24.6852,97.56161,0,0.134088,0.003956382,1.056105,0.6527182,0.2015105,0.009060502,0.001087711,1
15.6,0.05091874,0.001829086,0,0,0.1010407,2.062969E-06,0.8602996,0.0018291,26.8846,1.377128E-05,0.0002194466,0.002959653,7.988622E-09,73.46284,8.827545,0.06923474,0.0001914469,4.601421E-05,85.22647,0.02096279,0.0008332528,18.6945,0.9319103,0.005351383,68.36684,5.286997E-06,0.7007262,16.87436,0.02029566,0.006975054,5.267696,0.004707236,22.5337,98.51104,0,0.155677,0.004170033,0.8602996,0.7040146,0.3042318,0.009815892,0.0008374295,1
15.66667,0.04552718,0.001829086,0,0,0.1385328,2.044717E-06,2.495974,0.001829107,32.48487,1.371646E-05,0.0002180108,0.003031402,9.205833E-09,80.87268,14.24504,0.1457457,0.0003828601,5.070404E-05,88.79581,0.01073162,0.0007614729,23.5617,1.088457,0.005024698,76.86731,5.297304E-06,0.5469648,14.17495,0.01945345,0.004624349,5.970355,0.003843594,15.97874,99.31479,0,0.2969481,0.003061977,2.495974,1.600929,0.8294309,0.01899935,0.0001927129,1
15.73333,0.04415464,0.001829086,0,0,0.1790646,2.055043E-06,3.217221,0.001829113,38.02929,9.829962E-06,7.890172E-05,0.003059337,1.22089E-08,83.12809,22.73347,0.3332725,0.0003039364,5.309807E-05,87.67216,0.01810975,0.0007516777,24.61074,1.165212,0.001518496,75.49707,4.968873E-06,0.5505931,12.52791,0.01911902,0.003387944,7.912624,0.003677396,14.16839,99.36766,0,0.3575125,0.00285424,3.217221,2.055857,2.03386,0.02166012,0.0001260159,1
15.8,0.0424444,0.001829086,0,0,0.2547948,2.076587E-06,1.727005,0.001829118,42.15189,6.744749E-06,4.421734E-05,0.003284878,1.221155E-08,76.39447,12.17097,0.1459068,0.0002697182,4.064862E-05,82.5856,0.0173803,0.0003437909,35.31724,1.038512,0.0006783604,73.22375,4.901457E-06,0.7658994,11.64367,0.02050423,0.003206781,6.932142,0.003579744,20.00265,98.54121,0,0.2010297,0.005478589,1.727005,0.5972797,0.6560053,0.0121198,0.0006180134,1
15.86667,0.04020968,0.001829086,0,0,0.6132042,2.105096E-06,0.361921,0.001829123,43.67402,5.863336E-06,6.320622E-05,0.006014268,1.261063E-08,62.71704,11.67666,0.170037,0.0002139887,4.115987E-05,79.25989,0.01128057,0.0001535959,45.78773,1.159482,0.0008330454,60.48628,4.53648E-06,1.147354,9.73505,0.02494227,0.003158099,5.849352,0.003350327,30.35747,95.24996,0.5014352,0.07256835,0.01582344,0.361921,0.07613882,0.3868367,0.003993929,0.009961322,1
15.93333,0.03885005,0.001829086,0,0,0.8952928,2.133267E-06,0.04063073,0.001829128,46.91193,8.236753E-06,0.0004661506,0.03447323,1.20567E-08,48.28577,2.710795,0.02216781,0.000279057,3.833465E-05,75.1142,0.02258722,9.93515E-05,38.88602,1.143214,0.0003027809,62.53956,3.389014E-06,1.549855,7.927796,0.017793,0.003335958,4.704058,0.003325816,40.36391,84.1766,20.68181,0.02610681,0.03093127,0.04063073,0.01666951,0.07885819,0.001316324,0.1160676,1
16,0.03783249,0.001829086,0,0,1.173009,2.162761E-06,0.00699818,0.001829134,48.9606,1.627072E-05,0.00251025,0.3804353,1.447811E-08,36.26418,0.9009417,0.005061671,0.0003200523,5.327753E-05,67.65112,0.035428,8.058878E-05,43.446,1.134471,0.0001365187,59.32053,1.965185E-06,2.167591,5.258198,0.01617415,0.003564697,4.170064,0.003532164,52.00276,57.10434,38.05677,0.008698254,0.07052665,0.00699818,0.002675081,0.03397427,0.0004131342,1.828399,1
16.06667,0.03593468,0.001829086,0,0,1.266701,2.213717E-06,0.001557978,0.001829141,52.13424,3.508869E-05,0.00971404,1.008394,2.91063E-08,26.83577,0.8762932,0.005312481,0.0002216077,0.0001134425,38.11009,0.04994367,7.246924E-05,46.9235,1.227634,0.1242374,60.09576,1.253628E-06,3.044265,2.253075,0.008199169,0.003428833,2.735023,0.003452971,62.23692,85.17171,52.27422,0.003416883,0.1315412,0.001557978,0.0005935856,0.01848483,0.00015998,16.40722,1
16.13333,0.03505882,0.001829086,0,0,1.345066,2.23986E-06,0.0008259496,0.001829145,52.14962,8.366955E-05,0.2666305,1.023746,3.85815E-08,17.31191,0.6566401,0.003673484,0.0002042961,0.0001671154,32.60229,0.07690177,2.524244E-05,69.55322,0.9146488,1.915072,57.06187,4.354043E-07,3.924455,2.026951,0.001750418,0.003670553,2.517868,0.003187968,70.99681,95.25536,65.06211,0.00143323,0.4072315,0.0008259496,7.618112E-05,0.01541369,6.542044E-05,69.84715,1
16.2,0.03452711,0.001829086,0,0,1.362651,2.258668E-06,0.0007119066,0.001829148,52.13308,0.0001293035,0.5332103,1.038326,5.05119E-08,13.45055,1.749037,0.02522721,0.0002122496,0.0003017818,31.74517,0.09181726,2.735727E-05,70.58324,0.6893522,0.006436955,36.31097,3.161721E-07,3.682525,1.311972,0.0008469817,0.00298681,2.556017,0.003500793,68.37751,93.24759,62.81713,0.001584134,0.5265698,0.0007119066,6.559968E-05,0.0205847,6.840597E-05,66.43829,1
16.26667,0,0,0,0,0,0,0,0,0,0,0,0,0,0,0,0,0,0,0,0,0,0,0,0,20.58479,0,0,0,0,0,0,0,0,0,0,0,0,0,0,0,0,0,1
16.33333,0,0,0,0,0,0,0,0,0,0,0,0,0,0,0,0,0,0,0,0,0,0,0,0,10.32594,0,0,0,0,0,0,0,0,0,0,0,0,0,0,0,0,0,1
16.4,0,0,0,0,0,0,0,0,0,0,0,0,0,0,0,0,0,0,0,0,0,0,0,0,2.327196,0,0,0,0,0,0,0,0,0,0,0,0,0,0,0,0,0,1
16.46667,0,0,0,0,0,0,0,0,0,0,0,0,0,0,0,0,0,0,0,0,0,0,0,0,2.330606,0,0,0,0,0,0,0,0,0,0,0,0,0,0,0,0,0,1
16.53333,0,0,0,0,0,0,0,0,0,0,0,0,0,0,0,0,0,0,0,0,0,0,0,0,2.369546,0,0,0,0,0,0,0,0,0,0,0,0,0,0,0,0,0,1
16.56667,0,0,0,0,0,0,0,0,0,0,0,0,0,0,0,0,0,0,0,0,0,0,0,0,2.824422,0,0,0,0,0,0,0,0,0,0,0,0,0,0,0,0,0,1
16.63333,0,0,0,0,0,0,0,0,0,0,0,0,0,0,0,0,0,0,0,0,0,0,0,0,1.262284,0,0,0,0,0,0,0,0,0,0,0,0,0,0,0,0,0,1
16.7,0,0,0,0,0,0,0,0,0,0,0,0,0,0,0,0,0,0,0,0,0,0,0,0,2.369156,0,0,0,0,0,0,0,0,0,0,0,0,0,0,0,0,0,1
16.76667,0,0,0,0,0,0,0,0,0,0,0,0,0,0,0,0,0,0,0,0,0,0,0,0,2.061912,0,0,0,0,0,0,0,0,0,0,0,0,0,0,0,0,0,1
16.83333,0,0,0,0,0,0,0,0,0,0,0,0,0,0,0,0,0,0,0,0,0,0,0,0,2.198324,0,0,0,0,0,0,0,0,0,0,0,0,0,0,0,0,0,1
16.9,0,0,0,0,0,0,0,0,0,0,0,0,0,0,0,0,0,0,0,0,0,0,0,0,1.411237,0,0,0,0,0,0,0,0,0,0,0,0,0,0,0,0,0,1
16.96667,0,0,0,0,0,0,0,0,0,0,0,0,0,0,0,0,0,0,0,0,0,0,0,0,1.432096,0,0,0,0,0,0,0,0,0,0,0,0,0,0,0,0,0,1
17.06667,0,0,0,0,0,0,0,0,0,0,0,0,0,0,0,0,0,0,0,0,0,0,0,0,8.021797,0,0,0,0,0,0,0,0,0,0,0,0,0,0,0,0,0,1
26.63333,0,0,0,0,0,0,0,0,0,0,0,0,0,0,0,0,0,0,0,0,0,0,0,0,1.301452,0,0,0,0,0,0,0,0,0,0,0,0,0,0,0,0,0,1
26.7,0,0,0,0,0,0,0,0,0,0,0,0,0,0,0,0,0,0,0,0,0,0,0,0,2.924601,0,0,0,0,0,0,0,0,0,0,0,0,0,0,0,0,0,1
26.76667,0,0,0,0,0,0,0,0,0,0,0,0,0,0,0,0,0,0,0,0,0,0,0,0,2.352585,0,0,0,0,0,0,0,0,0,0,0,0,0,0,0,0,0,1
26.83333,0,0,0,0,0,0,0,0,0,0,0,0,0,0,0,0,0,0,0,0,0,0,0,0,2.156669,0,0,0,0,0,0,0,0,0,0,0,0,0,0,0,0,0,1
26.9,0,0,0,0,0,0,0,0,0,0,0,0,0,0,0,0,0,0,0,0,0,0,0,0,2.488983,0,0,0,0,0,0,0,0,0,0,0,0,0,0,0,0,0,1
26.96667,0.02986578,0.001845567,0,0,0.001832742,1.902029E-06,0.01791388,0.001829388,0.001829368,0.0006839455,0.0006839455,0.001221303,0.1864401,11.02697,2.446954,12.31331,0.0009056252,0.004325176,0.0008509651,0.08932239,0.03451642,38.96903,8.851862E-05,0.04998637,56.01765,0.04933524,0.005464381,0.01221294,0.0005426378,0.0004887487,1.066611,0.01590094,0.02120897,2.73392,0,0.236449,0.271586,0.01791388,0.01486187,1.757532,0.006311932,0.001800289,1
27.03333,0.02971718,0.001840773,0,0,0.001872566,1.902034E-06,0.005473847,0.001829478,0.001829655,0.001028618,0.001028618,0.001408404,0.05531613,3.808048,0.1451769,0.6116841,0.001452619,0.001488677,0.002577224,0.2046326,0.004082647,21.14786,0.0001083255,22.15306,78.86773,0.02069078,0.003796712,0.05988628,0.000805095,0.0006341472,1.316007,0.008633269,0.0212206,0.467755,0,0.2065781,0.2677152,0.005473847,0.0157015,0.6535314,0.004927788,0.002097462,1
27.06667,0.03004795,0.001838453,0,0,0.002499847,1.902047E-06,0.004017614,0.001829665,0.001830621,0.001210154,0.001210154,0.001506089,0.01608857,2.071327,0.02889181,0.08291408,0.00286508,0.001079121,0.010419,0.1558072,0.00225088,15.93401,0.0001901445,16.28176,75.32777,0.01419155,0.002493537,0.1978746,0.00113304,0.0009546757,2.51435,0.007357198,0.01966162,0.2852332,0,0.1999978,0.2665887,0.004017614,0.01643455,0.5941616,0.00447177,0.002139635,1
27.13333,0,0,0,0,0,0,0,0,0,0,0,0,0,0,0,0,0,0,0,0,0,0,0,0,0.9204651,0,0,0,0,0,0,0,0,0,0,0,0,0,0,0,0,0,1
27.2,0,0,0,0,0,0,0,0,0,0,0,0,0,0,0,0,0,0,0,0,0,0,0,0,1.73493,0,0,0,0,0,0,0,0,0,0,0,0,0,0,0,0,0,1
27.33333,0,0,0,0,0,0,0,0,0,0,0,0,0,0,0,0,0,0,0,0,0,0,0,0,3.568272,0,0,0,0,0,0,0,0,0,0,0,0,0,0,0,0,0,1
27.4,0,0,0,0,0,0,0,0,0,0,0,0,0,0,0,0,0,0,0,0,0,0,0,0,0.6420348,0,0,0,0,0,0,0,0,0,0,0,0,0,0,0,0,0,1
27.46667,0,0,0,0,0,0,0,0,0,0,0,0,0,0,0,0,0,0,0,0,0,0,0,0,2.333119,0,0,0,0,0,0,0,0,0,0,0,0,0,0,0,0,0,1
27.53333,0,0,0,0,0,0,0,0,0,0,0,0,0,0,0,0,0,0,0,0,0,0,0,0,2.429747,0,0,0,0,0,0,0,0,0,0,0,0,0,0,0,0,0,1
27.56667,0,0,0,0,0,0,0,0,0,0,0,0,0,0,0,0,0,0,0,0,0,0,0,0,2.786519,0,0,0,0,0,0,0,0,0,0,0,0,0,0,0,0,0,1
27.63333,0,0,0,0,0,0,0,0,0,0,0,0,0,0,0,0,0,0,0,0,0,0,0,0,3.125225,0,0,0,0,0,0,0,0,0,0,0,0,0,0,0,0,0,1
27.7,0,0,0,0,0,0,0,0,0,0,0,0,0,0,0,0,0,0,0,0,0,0,0,0,5.08134,0,0,0,0,0,0,0,0,0,0,0,0,0,0,0,0,0,1
27.76667,0.07943523,0.002758355,0,0,0.001967837,0.0001515348,0.0001215795,0.00182997,0.001834466,0.0002613535,0.0003003639,0.0003184417,53.53252,0.01187078,0.001231892,0.005288804,0.002658279,0.1183836,0.01615307,1.192334,0.003835718,7.039213,19.70061,0.0009749403,39.9371,2.25955,0.03213409,0.2435529,4.594744,0.3311079,0.570443,3.5298,1.094069,5.644947,0,1.422198,3.579467,0.0001215795,0.005337032,0.4565583,0.0009323564,0.000430889,1
27.83333,0.6821232,0.002676272,0,0,0.002077012,0.1959168,0.0004592281,0.001831815,0.001832314,0.0004824928,0.0004789603,0.0005671603,36.06505,0.0136412,0.008577787,0.0145549,0.01373588,0.09744708,0.003238898,1.470415,0.009514571,26.21764,55.07653,97.75662,81.11646,1.922061,0.08249352,0.4046451,4.770248,0.4984313,0.7346752,4.427415,2.775502,6.332281,0,35.29663,2.485172,0.0004592281,0.004165195,0.5835989,0.001462143,0.001424006,1
27.9,0.5004317,0.002471134,0,0,0.002228198,0.1505018,0.003966181,0.001833832,0.001831403,0.001217498,0.001215143,0.001614599,10.70528,0.009145344,0.02063644,0.01175859,0.02633568,0.07998081,0.001490831,0.6112846,0.02499517,52.91346,46.59439,35.442,94.36189,0.6561961,0.1569321,0.5921215,31.00918,0.5812664,0.9204137,2.519596,6.031897,6.922462,0,14.78497,1.316311,0.003966181,0.002417824,0.7568473,0.002328591,0.009042099,1
27.96667,0,0,0,0,0,0,0,0,0,0,0,0,0,0,0,0,0,0,0,0,0,0,0,0,22.514,0,0,0,0,0,0,0,0,0,0,0,0,0,0,0,0,0,1
28.03333,0,0,0,0,0,0,0,0,0,0,0,0,0,0,0,0,0,0,0,0,0,0,0,0,27.28853,0,0,0,0,0,0,0,0,0,0,0,0,0,0,0,0,0,1
28.06667,0,0,0,0,0,0,0,0,0,0,0,0,0,0,0,0,0,0,0,0,0,0,0,0,11.44013,0,0,0,0,0,0,0,0,0,0,0,0,0,0,0,0,0,1
28.13333,0,0,0,0,0,0,0,0,0,0,0,0,0,0,0,0,0,0,0,0,0,0,0,0,7.613345,0,0,0,0,0,0,0,0,0,0,0,0,0,0,0,0,0,1
29.4,0,0,0,0,0,0,0,0,0,0,0,0,0,0,0,0,0,0,0,0,0,0,0,0,1.053595,0,0,0,0,0,0,0,0,0,0,0,0,0,0,0,0,0,1
29.46667,0,0,0,0,0,0,0,0,0,0,0,0,0,0,0,0,0,0,0,0,0,0,0,0,6.000449,0,0,0,0,0,0,0,0,0,0,0,0,0,0,0,0,0,1
29.53333,0,0,0,0,0,0,0,0,0,0,0,0,0,0,0,0,0,0,0,0,0,0,0,0,9.371631,0,0,0,0,0,0,0,0,0,0,0,0,0,0,0,0,0,1
29.56667,0,0,0,0,0,0,0,0,0,0,0,0,0,0,0,0,0,0,0,0,0,0,0,0,20.9729,0,0,0,0,0,0,0,0,0,0,0,0,0,0,0,0,0,1
29.63333,0.1010832,0.001829965,0,0,0.001836281,1.902011E-06,0.02096874,0.001829595,0.001830185,0.001327644,0.001327959,0.001328485,8.795622,0.007927029,4.777129E-05,0.0006274888,0.001533783,0.002834928,0.003303282,0.001890008,0.002540339,86.59184,4.652327E-05,3.767383E-05,56.8264,0.002642968,7.367297E-06,0.1231031,0.02332057,0.005208893,0.178331,1.096164,0.001907773,41.83705,0,0.1926755,2.607437,0.02096874,0.001158025,2.023734,0.003429912,0.006620046,1
29.7,2.002134,0.001829787,0,0,0.001843335,1.902011E-06,0.007058762,0.001829584,0.001829921,0.000928435,0.0009286867,0.0009290468,34.09295,0.005829705,2.883456E-05,0.000633857,0.001463959,0.007076366,0.001714568,0.001214063,0.001806599,95.9628,4.240465E-05,1.745506E-06,75.58598,0.001575784,8.980493E-06,0.1385741,0.02426711,0.004189612,0.5301835,1.347049,0.002803067,89.53732,0,0.192655,10.82182,0.007058762,0.0004577148,2.390811,0.001464483,0.003431116,1
29.76667,11.89661,0.001829643,0,0,0.001854322,1.902012E-06,0.002584716,0.001829498,0.001829825,0.0007147901,0.0007149975,0.0007152696,50.87625,0.004362024,6.905324E-06,0.0001775832,0.0007297382,0.008992776,0.001646833,0.003795967,0.002489942,93.03522,5.065803E-05,1.183475E-06,89.6436,0.0008091367,9.521687E-06,0.1707604,0.03894726,0.008215033,0.3678495,0.998803,0.003241429,95.83749,0,0.1926435,20.53432,0.002584716,0.0003240338,2.270075,0.0008366329,0.001878679,1
29.83333,9.991256,0.001829565,0,0,0.001879198,1.902014E-06,0.004317054,0.001829455,0.001829732,0.0006649769,0.0006651808,0.0006654216,34.81863,0.003381079,1.502712E-07,1.919193E-06,0.0007221298,0.008276838,0.001113864,0.0293749,0.002048535,81.39857,6.723453E-05,2.239167E-05,90.31796,0.0007416328,6.69084E-06,0.2301078,0.07434071,0.01151659,0.2375577,0.6438395,0.002967297,76.10368,0,0.1926442,7.895201,0.004317054,0.0006964786,1.846058,0.001426704,0.002571602,1
29.9,8.041012,0.001829499,0,0,0.001913111,1.902015E-06,0.004614856,0.001829453,0.001829684,0.0007459156,0.000746122,0.0007463421,14.7511,0.001076502,8.834536E-10,4.74794E-09,0.001069608,0.006280302,0.001220147,0.09235524,0.002750318,49.98264,6.228949E-05,7.156219E-05,94.20129,0.0004494963,2.297771E-06,0.2548537,0.03347554,0.005813283,0.178064,0.4263576,0.001653672,7.453565,0,0.1926547,1.405184,0.004614856,0.003226881,1.051013,0.002780034,0.002801118,1
30.03333,0.02818494,0.001829105,0,0,0.001846794,1.902029E-06,0.005597074,0.001829272,0.001829937,0.001828634,0.001842157,0.00184811,0.001922444,0.002978987,3.895136E-05,8.079547E-05,0.0005606975,0.00025773,0.002557798,0.004789662,0.0002108462,31.25762,8.954446E-05,5.566625E-06,96.15835,5.964888E-05,0.0007711406,0.1605239,0.0008591308,0.0004561775,0.2112788,0.08453356,0.05789249,0.7318845,0,0.1918528,0.4224061,0.005597074,0.008494913,0.7465557,0.00449709,0.00325873,1
30.06667,0.02818951,0.001829122,0,0,0.001856639,1.902034E-06,0.02965423,0.001829258,0.001829893,0.001828518,0.001852843,0.001863486,0.005378462,0.003836527,7.098755E-05,0.0001751795,0.0004791186,0.0003352207,0.002290838,0.0117613,0.0003655013,81.40154,0.0001128275,4.411844E-06,94.27322,0.000164032,0.001937309,0.2302039,0.001891961,0.001186732,0.2063747,0.1113966,0.1495217,20.94777,0,0.1905449,1.464987,0.02965423,0.001589799,1.826863,0.004472183,0.008230284,1
30.13333,0.02819598,0.001829118,0,0,0.001872442,1.902065E-06,0.006911452,0.001829252,0.001829839,0.001828577,0.001851095,0.001860934,0.002632343,0.002215136,1.449417E-05,2.622176E-05,0.0004684736,0.0007052149,0.001948422,0.05562925,0.002138593,37.54535,0.00031411,5.896396E-06,94.02641,7.539158E-05,0.0008076727,0.2057862,0.01076134,0.01061485,0.2318382,0.06713606,0.08080463,1.142051,0,0.1915259,0.494025,0.006911452,0.006863709,0.8350344,0.004486784,0.003667212,1
30.2,0.02817821,0.001829114,0,0,0.00188521,1.902156E-06,0.002980897,0.001829267,0.00182992,0.001828667,0.001847107,0.001855164,0.0007456163,0.0008707612,1.715311E-06,1.856707E-06,0.0006721372,0.000540909,0.003235429,0.08151811,0.003286152,12.20999,0.001029076,9.643137E-06,94.36973,4.947802E-05,0.000144738,0.198505,0.01819784,0.01346005,0.157318,0.06047564,0.02662537,0.1887426,0,0.192314,0.262405,0.002980897,0.01601199,0.530226,0.004514092,0.002293518,1
30.26667,0.02817028,0.001829111,0,0,0.001910705,1.902284E-06,0.00229403,0.001829591,0.001831209,0.001828732,0.001843867,0.001850483,0.0004392656,0.0005314688,3.003094E-07,2.245171E-07,0.005416185,0.0007150059,0.02184246,0.0944409,0.008501518,4.210955,0.001905488,1.175684E-05,94.84402,4.197408E-05,2.235563E-05,0.2655381,0.02746926,0.005974908,0.171874,0.05694922,0.008235034,0.1066787,0,0.1925955,0.2149949,0.00229403,0.02092016,0.4592647,0.004515961,0.001977188,1
30.33333,0.02817433,0.001829108,0,0,0.001983231,1.902382E-06,0.002298313,0.001829952,0.001834917,0.001828938,0.00184155,0.001847149,0.0007093537,0.0009172839,5.038572E-09,9.889835E-10,0.00802363,0.0005852479,0.07280369,0.07800214,0.007271961,4.294133,0.002071857,0.01055415,95.56046,2.167637E-05,7.340534E-06,0.2428406,0.06130049,0.005357597,0.2255282,0.05784839,0.004513541,0.1073167,0,0.192654,0.2156739,0.002298313,0.02087664,0.4603797,0.004508818,0.001978908,1
30.4,0.02818965,0.001829106,0,0,0.002065174,1.902434E-06,0.002322346,0.001830223,0.0018372,0.001829002,0.001839812,0.001844666,0.0006403691,0.001935348,2.102418E-09,1.973264E-10,0.008304019,0.0004154891,0.06519563,0.01068707,0.003935917,4.642715,0.001785912,6.067272,94.66606,1.425674E-05,3.591363E-06,0.2191425,0.02665922,0.002335171,0.3105778,0.06384075,0.002571832,0.1100273,0,0.1926799,0.2179392,0.002322346,0.02067252,0.4639355,0.004496884,0.001990729,1
30.46667,0.02819454,0.001829104,0,0,0.002254308,1.902477E-06,0.002318389,0.001830368,0.001837698,0.001829036,0.001838495,0.001842797,0.0005830253,0.002708322,5.341603E-09,2.338175E-10,0.0069,0.0003375287,0.03627555,0.01485107,0.002835791,4.489321,0.001861284,0.4911827,89.57775,1.106944E-05,2.851284E-06,0.2912368,0.03200861,0.003673397,0.2593803,0.07024867,0.002534483,0.1088356,0,0.1926848,0.2169022,0.002318389,0.02078686,0.4636194,0.004505439,0.001985076,1
30.53333,0.02819683,0.001829102,0,0,0.002616428,1.902534E-06,0.00240332,0.001830466,0.00183755,0.001829042,0.00183745,0.001841328,0.0005079109,0.003847148,3.111497E-08,1.134039E-09,0.006522094,0.0003549832,0.02185094,0.009352081,0.003994798,5.41293,0.002349518,0.02592532,89.5954,9.204864E-06,2.436661E-06,0.393233,0.01971316,0.003503104,0.2464168,0.07072655,0.0023389,0.1162587,0,0.1927016,0.2218863,0.00240332,0.02016071,0.4730789,0.00450767,0.002018481,1
30.56667,0.02819025,0.001829101,0,0,0.005899874,1.902622E-06,0.002190491,0.001830688,0.001838415,0.001829029,0.001836596,0.001840142,0.0004553625,0.00503942,7.109664E-08,2.020044E-09,0.01081858,0.0006339936,0.05121944,0.05006228,0.01560978,2.380605,0.003364018,0.02059685,89.54298,6.201875E-06,2.366007E-06,0.5518755,0.1087223,0.007905281,0.1644886,0.06328983,0.002251343,0.0936472,0,0.192728,0.2053388,0.002190491,0.02227863,0.4492185,0.004519821,0.001910037,1
30.63333,0.0281813,0.001829099,0,0,0.03375277,1.902762E-06,0.002073639,0.001831064,0.001839554,0.001829006,0.001835886,0.001839159,0.0003462931,0.005377837,1.300668E-07,3.053689E-09,0.01719766,0.001167393,0.06533036,0.2266202,0.06606864,0.4795502,0.005135944,0.05575928,90.31707,3.472738E-06,1.910315E-06,0.7119804,0.3208635,0.009015255,0.1264997,0.05170999,0.001873941,0.08409959,0,0.1927708,0.195628,0.002073639,0.02363291,0.4343112,0.0045245,0.001844998,1
30.7,0.02817239,0.001829098,0,0,0.5060618,1.902948E-06,0.002090981,0.001831697,0.001841267,0.001828972,0.001835278,0.00183833,0.0002057547,0.006666635,1.645996E-07,2.446796E-09,0.02873361,0.001676915,0.09250733,0.4007832,0.1917387,0.2208437,0.007078625,0.1040705,92.56306,3.250528E-06,1.702401E-06,1.049038,0.8052627,0.01142598,0.110018,0.05228671,0.00175632,0.08678569,0,0.1928169,0.1942912,0.002090981,0.02372905,0.4327329,0.004526684,0.001836158,1
30.76667,0.02816581,0.001829097,0,0,5.567513,1.903024E-06,0.00218555,0.001831847,0.001841923,0.001828961,0.001834782,0.001837668,0.0001446529,0.008042459,1.270713E-06,1.985173E-08,0.01370515,0.003162716,0.06191842,2.18287,0.5026212,0.7976938,0.004615881,0.1016125,97.39635,2.419747E-06,3.677427E-06,1.536704,0.7620475,0.01558625,0.1224672,0.03730738,0.003539272,0.09235484,0,0.1927457,0.1970811,0.00218555,0.02244827,0.4341469,0.004524957,0.001855895,1
30.83333,0.02815977,0.001829097,0,0,11.75331,1.903046E-06,0.002427101,0.001831739,0.001842492,0.001828949,0.001834354,0.001837108,0.0001149688,0.009456626,3.77491E-06,5.552092E-08,0.003727401,0.002741245,0.06223109,6.538344,1.407419,3.232627,0.003155532,0.08236396,97.98123,2.337956E-06,4.570037E-06,1.99982,0.955475,0.03480779,0.1171926,0.0268791,0.004155345,0.1260284,0,0.1927121,0.2093412,0.002427101,0.01894488,0.4373229,0.004527927,0.001939921,1
30.9,0.02815246,0.001829096,0,0,15.8574,1.903054E-06,0.003570181,0.001831644,0.001843591,0.001828919,0.001833963,0.001836629,8.02237E-05,0.0135721,3.647902E-05,4.595437E-07,0.003689385,0.00718217,0.0891325,39.11585,11.85518,2.561972,0.002772562,0.04597273,97.91829,3.465942E-06,6.287488E-06,3.076336,3.885788,0.082167,0.08663607,0.02146576,0.005263174,1.276881,0,0.1927032,0.2056689,0.003570181,0.00945714,0.2631043,0.004537796,0.001916244,1
30.96667,0.02814638,0.001829095,0,0,20.1294,1.903045E-06,0.007768873,0.001831588,0.001845785,0.001828827,0.001833557,0.001836176,5.964661E-05,0.02092684,0.0001778615,1.730506E-06,0.005037349,0.02557478,0.1471889,63.90685,27.37778,0.8741115,0.002182602,0.04972504,98.02304,4.38147E-06,6.447318E-06,5.115495,13.55237,0.1282073,0.09179547,0.01600417,0.005080788,7.066051,0,0.1927202,0.1970995,0.007768873,0.005111107,0.1225035,0.004542901,0.001857382,1
31.03333,0.02814129,0.001829095,0,0,21.37028,1.90303E-06,0.01778101,0.001831553,0.001848089,0.001828687,0.001833138,0.00183574,4.112832E-05,0.02791971,6.148525E-05,2.893517E-07,0.005713668,0.08785378,0.1654679,65.30142,43.88431,0.334226,0.001866204,0.05810609,98.09538,6.154128E-06,6.237298E-06,5.899998,21.7924,0.1708845,0.09645196,0.01332805,0.004628086,7.752387,0,0.1927456,0.1943883,0.01778101,0.003863085,0.05439677,0.00454799,0.001838263,1
31.06667,0.02813501,0.001829094,0,0,22.32829,1.903092E-06,0.01255663,0.001831715,0.001854066,0.00182844,0.001832096,0.001834529,2.410459E-05,0.04110035,6.075074E-05,2.81352E-07,0.008836104,0.1313033,0.2997834,26.56291,36.87189,0.1795808,0.002575118,0.07671257,98.43282,9.091378E-06,4.708384E-06,6.031987,22.78288,0.2600226,0.1144661,0.0113227,0.003526493,1.091961,0,0.1928234,0.1935486,0.01255663,0.008331963,0.08416701,0.00455735,0.001831192,1
31.13333,0.02813041,0.001829091,0,0,22.61719,1.903162E-06,0.003751952,0.001832012,0.001870897,0.001828138,0.001829728,0.001831456,1.114471E-05,0.04742219,1.314354E-05,4.29845E-08,0.01565475,0.07196259,0.8013647,0.2780092,12.73617,0.2143908,0.002944555,0.1336683,98.7155,1.234892E-05,2.427407E-06,5.951795,4.412412,0.2336383,0.1514383,0.00896412,0.002079074,0.2659141,0,0.1928747,0.1937772,0.003751952,0.01929328,0.3025976,0.004549443,0.001831161,1
31.2,0.02812649,0.00182909,0,0,22.75488,1.903234E-06,0.002634204,0.001832445,0.001920415,0.001827779,0.001828257,0.001829713,6.119528E-06,0.05185918,1.688128E-06,7.634772E-09,0.02254243,0.03696628,2.083672,0.01124901,2.60656,0.4300556,0.003227965,0.2550024,98.39451,1.423701E-05,1.771784E-06,5.415881,1.009438,0.1550501,0.1772454,0.007753396,0.001691819,0.523062,0,0.1929021,0.1948666,0.002634204,0.02278849,0.5819545,0.004536788,0.001837705,1
31.26667,0.02812981,0.001829089,0,0,22.79757,1.903267E-06,0.002620858,0.001832768,0.002029878,0.001827401,0.001827513,0.001829024,3.220296E-06,0.05227585,1.758428E-07,1.66732E-09,0.01714311,0.01906731,3.861599,0.0008818189,0.4514145,0.7748582,0.00232278,0.669319,98.58031,1.309084E-05,1.527493E-06,5.08146,0.1411887,0.1240151,0.2155192,0.005249025,0.001547367,0.7324744,0,0.1928872,0.1966857,0.002620858,0.02334978,0.7026635,0.004527811,0.001849168,1
31.33333,0.0281343,0.001829088,0,0,22.84197,1.903257E-06,0.002574161,0.001832791,0.002150812,0.001827031,0.001827031,0.001828702,2.065685E-06,0.05128315,4.27951E-09,1.379901E-10,0.006621012,0.009954865,4.153532,0.0002959337,0.1573612,0.3183905,0.001531054,0.5549225,97.57971,1.502338E-05,1.766274E-06,5.027964,0.0731777,0.1149146,0.2481214,0.004894578,0.00185258,1.686812,0,0.192863,0.1945951,0.002574161,0.02381529,0.8564171,0.00452239,0.001834095,1
31.4,0.02813472,0.001829088,0,0,22.86257,1.903231E-06,0.002526717,0.001832701,0.002265109,0.001826636,0.001826636,0.001828483,9.898964E-07,0.04864272,1.908707E-08,1.020149E-09,0.0034017,0.007876101,4.016583,0.001065829,0.02167254,0.1461134,0.001033791,0.1160146,98.37553,1.36127E-05,2.711942E-06,4.776165,0.01953872,0.08877296,0.235338,0.004741824,0.002708911,2.126107,0,0.192831,0.193741,0.002526717,0.02399802,0.9066653,0.004520937,0.001828932,1
31.46667,0.02812734,0.001829087,0,0,22.97868,1.903206E-06,0.002585668,0.001832574,0.002396722,0.001826333,0.001826333,0.00182835,5.036013E-07,0.04347275,1.730492E-07,8.978339E-09,0.001809236,0.002629809,4.423852,0.002375383,0.001651652,0.2224165,0.0007470073,0.008140265,98.22878,1.228757E-05,4.250248E-06,5.197069,0.001464114,0.1049829,0.1908026,0.005021881,0.003958261,1.241549,0,0.1927884,0.1939989,0.002585668,0.02393276,0.8025668,0.004528471,0.001832466,1
31.53333,0.02812252,0.001829087,0,0,23.19609,1.903171E-06,0.002674522,0.001832465,0.002608991,0.001825972,0.001826031,0.001828237,2.954596E-07,0.04661206,3.214037E-06,1.264069E-07,0.001352914,0.001147927,6.00487,0.01355292,0.0008487525,0.4654297,0.0004879789,0.001040012,98.5291,1.110882E-05,6.154199E-06,5.707168,0.0005039247,0.0818256,0.1817074,0.004603344,0.005407695,1.637041,0,0.1927735,0.1951049,0.002674522,0.02373798,0.8590938,0.004527262,0.001840638,1
33.33333,0.1020257,0.001829194,0,0,95.20905,1.904628E-06,1.579796E-05,0.001846781,0.001832609,5.455012E-05,5.455012E-05,5.455402E-05,96.59734,4.025068E-05,9.512815E-09,9.088336E-08,0.05295398,0.08253602,0.01058382,0.00747074,0.0001503899,8.557127,0.00622917,23.55858,98.67998,0.0003237614,1.118007E-06,0.1605675,0.001357864,0.0006910244,1.3878,0.008610881,0.001289092,59.10184,0,0.1927823,23.53624,1.579796E-05,0.001617824,0.4975575,0.0001730764,9.056009E-05,1
33.4,0,0,0,0,0,0,0,0,0,0,0,0,0,0,0,0,0,0,0,0,0,0,0,0,34.63916,0,0,0,0,0,0,0,0,0,0,0,0,0,0,0,0,0,1
33.9,0,0,0,0,0,0,0,0,0,0,0,0,0,0,0,0,0,0,0,0,0,0,0,0,0.8821014,0,0,0,0,0,0,0,0,0,0,0,0,0,0,0,0,0,1
33.96667,0,0,0,0,0,0,0,0,0,0,0,0,0,0,0,0,0,0,0,0,0,0,0,0,0.3723129,0,0,0,0,0,0,0,0,0,0,0,0,0,0,0,0,0,1
34.03333,0,0,0,0,0,0,0,0,0,0,0,0,0,0,0,0,0,0,0,0,0,0,0,0,0.3276637,0,0,0,0,0,0,0,0,0,0,0,0,0,0,0,0,0,1
34.1,0.02961106,0.001829086,0,0,0.007138688,1.911758E-06,0.001460555,0.001829694,0.001944379,0.001804915,0.001806332,0.001814466,0.16498,0.08818574,0.01296002,0.04200419,0.001831421,0.003458135,0.3362037,0.003682277,0.003320932,1.791075,0.02304775,0.0003274653,36.79826,8.074924E-07,0.0001987165,0.02301268,0.006362368,0.0004507167,0.9168535,8.991295,0.006494859,0.09081985,0,0.19337,0.2462526,0.001460555,0.04130081,0.4412071,0.005099569,0.001870624,1
34.46667,0,0,0,0,0,0,0,0,0,0,0,0,0,0,0,0,0,0,0,0,0,0,0,0,0.2411145,0,0,0,0,0,0,0,0,0,0,0,0,0,0,0,0,0,1
34.53333,0,0,0,0,0,0,0,0,0,0,0,0,0,0,0,0,0,0,0,0,0,0,0,0,0.5544585,0,0,0,0,0,0,0,0,0,0,0,0,0,0,0,0,0,1
34.6,0,0,0,0,0,0,0,0,0,0,0,0,0,0,0,0,0,0,0,0,0,0,0,0,6.309664,0,0,0,0,0,0,0,0,0,0,0,0,0,0,0,0,0,1
34.63334,0,0,0,0,0,0,0,0,0,0,0,0,0,0,0,0,0,0,0,0,0,0,0,0,1.407607,0,0,0,0,0,0,0,0,0,0,0,0,0,0,0,0,0,1
34.7,0,0,0,0,0,0,0,0,0,0,0,0,0,0,0,0,0,0,0,0,0,0,0,0,0.5801467,0,0,0,0,0,0,0,0,0,0,0,0,0,0,0,0,0,1
34.76667,0,0,0,0,0,0,0,0,0,0,0,0,0,0,0,0,0,0,0,0,0,0,0,0,1.629689,0,0,0,0,0,0,0,0,0,0,0,0,0,0,0,0,0,1
34.83333,0,0,0,0,0,0,0,0,0,0,0,0,0,0,0,0,0,0,0,0,0,0,0,0,2.332137,0,0,0,0,0,0,0,0,0,0,0,0,0,0,0,0,0,1
34.9,0,0,0,0,0,0,0,0,0,0,0,0,0,0,0,0,0,0,0,0,0,0,0,0,0.4198829,0,0,0,0,0,0,0,0,0,0,0,0,0,0,0,0,0,1
34.96667,0,0,0,0,0,0,0,0,0,0,0,0,0,0,0,0,0,0,0,0,0,0,0,0,1.570177,0,0,0,0,0,0,0,0,0,0,0,0,0,0,0,0,0,1
35.03333,0,0,0,0,0,0,0,0,0,0,0,0,0,0,0,0,0,0,0,0,0,0,0,0,0.8184724,0,0,0,0,0,0,0,0,0,0,0,0,0,0,0,0,0,1
35.1,0,0,0,0,0,0,0,0,0,0,0,0,0,0,0,0,0,0,0,0,0,0,0,0,0.3133924,0,0,0,0,0,0,0,0,0,0,0,0,0,0,0,0,0,1
35.13334,0,0,0,0,0,0,0,0,0,0,0,0,0,0,0,0,0,0,0,0,0,0,0,0,1.106072,0,0,0,0,0,0,0,0,0,0,0,0,0,0,0,0,0,1
35.2,0,0,0,0,0,0,0,0,0,0,0,0,0,0,0,0,0,0,0,0,0,0,0,0,1.338749,0,0,0,0,0,0,0,0,0,0,0,0,0,0,0,0,0,1
35.26667,0,0,0,0,0,0,0,0,0,0,0,0,0,0,0,0,0,0,0,0,0,0,0,0,3.662581,0,0,0,0,0,0,0,0,0,0,0,0,0,0,0,0,0,1
35.33333,0,0,0,0,0,0,0,0,0,0,0,0,0,0,0,0,0,0,0,0,0,0,0,0,5.653211,0,0,0,0,0,0,0,0,0,0,0,0,0,0,0,0,0,1
35.4,0,0,0,0,0,0,0,0,0,0,0,0,0,0,0,0,0,0,0,0,0,0,0,0,3.735935,0,0,0,0,0,0,0,0,0,0,0,0,0,0,0,0,0,1
35.46667,0,0,0,0,0,0,0,0,0,0,0,0,0,0,0,0,0,0,0,0,0,0,0,0,5.447865,0,0,0,0,0,0,0,0,0,0,0,0,0,0,0,0,0,1
35.53333,0,0,0,0,0,0,0,0,0,0,0,0,0,0,0,0,0,0,0,0,0,0,0,0,4.624565,0,0,0,0,0,0,0,0,0,0,0,0,0,0,0,0,0,1
35.6,0,0,0,0,0,0,0,0,0,0,0,0,0,0,0,0,0,0,0,0,0,0,0,0,5.951797,0,0,0,0,0,0,0,0,0,0,0,0,0,0,0,0,0,1
35.63334,0,0,0,0,0,0,0,0,0,0,0,0,0,0,0,0,0,0,0,0,0,0,0,0,4.456888,0,0,0,0,0,0,0,0,0,0,0,0,0,0,0,0,0,1
35.7,0,0,0,0,0,0,0,0,0,0,0,0,0,0,0,0,0,0,0,0,0,0,0,0,9.419717,0,0,0,0,0,0,0,0,0,0,0,0,0,0,0,0,0,1
35.76667,0,0,0,0,0,0,0,0,0,0,0,0,0,0,0,0,0,0,0,0,0,0,0,0,26.46148,0,0,0,0,0,0,0,0,0,0,0,0,0,0,0,0,0,1
35.83333,0,0,0,0,0,0,0,0,0,0,0,0,0,0,0,0,0,0,0,0,0,0,0,0,17.57977,0,0,0,0,0,0,0,0,0,0,0,0,0,0,0,0,0,1
35.9,0,0,0,0,0,0,0,0,0,0,0,0,0,0,0,0,0,0,0,0,0,0,0,0,11.23936,0,0,0,0,0,0,0,0,0,0,0,0,0,0,0,0,0,1
35.96667,0,0,0,0,0,0,0,0,0,0,0,0,0,0,0,0,0,0,0,0,0,0,0,0,2.193298,0,0,0,0,0,0,0,0,0,0,0,0,0,0,0,0,0,1
36.03333,0,0,0,0,0,0,0,0,0,0,0,0,0,0,0,0,0,0,0,0,0,0,0,0,1.932566,0,0,0,0,0,0,0,0,0,0,0,0,0,0,0,0,0,1
36.1,0,0,0,0,0,0,0,0,0,0,0,0,0,0,0,0,0,0,0,0,0,0,0,0,1.39134,0,0,0,0,0,0,0,0,0,0,0,0,0,0,0,0,0,1
36.13334,0,0,0,0,0,0,0,0,0,0,0,0,0,0,0,0,0,0,0,0,0,0,0,0,1.620158,0,0,0,0,0,0,0,0,0,0,0,0,0,0,0,0,0,1
36.2,0,0,0,0,0,0,0,0,0,0,0,0,0,0,0,0,0,0,0,0,0,0,0,0,0.9230457,0,0,0,0,0,0,0,0,0,0,0,0,0,0,0,0,0,1
36.26667,0,0,0,0,0,0,0,0,0,0,0,0,0,0,0,0,0,0,0,0,0,0,0,0,0.8100754,0,0,0,0,0,0,0,0,0,0,0,0,0,0,0,0,0,1
36.33333,0,0,0,0,0,0,0,0,0,0,0,0,0,0,0,0,0,0,0,0,0,0,0,0,0.883247,0,0,0,0,0,0,0,0,0,0,0,0,0,0,0,0,0,1
36.4,0,0,0,0,0,0,0,0,0,0,0,0,0,0,0,0,0,0,0,0,0,0,0,0,0.6317648,0,0,0,0,0,0,0,0,0,0,0,0,0,0,0,0,0,1
36.46667,0,0,0,0,0,0,0,0,0,0,0,0,0,0,0,0,0,0,0,0,0,0,0,0,2.042455,0,0,0,0,0,0,0,0,0,0,0,0,0,0,0,0,0,1
36.53333,0,0,0,0,0,0,0,0,0,0,0,0,0,0,0,0,0,0,0,0,0,0,0,0,0.5909446,0,0,0,0,0,0,0,0,0,0,0,0,0,0,0,0,0,1
36.6,0,0,0,0,0,0,0,0,0,0,0,0,0,0,0,0,0,0,0,0,0,0,0,0,0.8404648,0,0,0,0,0,0,0,0,0,0,0,0,0,0,0,0,0,1
36.63334,0,0,0,0,0,0,0,0,0,0,0,0,0,0,0,0,0,0,0,0,0,0,0,0,0.8428095,0,0,0,0,0,0,0,0,0,0,0,0,0,0,0,0,0,1
36.7,0,0,0,0,0,0,0,0,0,0,0,0,0,0,0,0,0,0,0,0,0,0,0,0,0.6539608,0,0,0,0,0,0,0,0,0,0,0,0,0,0,0,0,0,1
36.76667,0,0,0,0,0,0,0,0,0,0,0,0,0,0,0,0,0,0,0,0,0,0,0,0,2.586828,0,0,0,0,0,0,0,0,0,0,0,0,0,0,0,0,0,1
36.83333,0,0,0,0,0,0,0,0,0,0,0,0,0,0,0,0,0,0,0,0,0,0,0,0,1.444633,0,0,0,0,0,0,0,0,0,0,0,0,0,0,0,0,0,1
36.9,0,0,0,0,0,0,0,0,0,0,0,0,0,0,0,0,0,0,0,0,0,0,0,0,0.9593215,0,0,0,0,0,0,0,0,0,0,0,0,0,0,0,0,0,1
36.96667,0,0,0,0,0,0,0,0,0,0,0,0,0,0,0,0,0,0,0,0,0,0,0,0,0.4305404,0,0,0,0,0,0,0,0,0,0,0,0,0,0,0,0,0,1
37.03333,0,0,0,0,0,0,0,0,0,0,0,0,0,0,0,0,0,0,0,0,0,0,0,0,0.1409676,0,0,0,0,0,0,0,0,0,0,0,0,0,0,0,0,0,1
37.1,0,0,0,0,0,0,0,0,0,0,0,0,0,0,0,0,0,0,0,0,0,0,0,0,1.595265,0,0,0,0,0,0,0,0,0,0,0,0,0,0,0,0,0,1
37.13334,0,0,0,0,0,0,0,0,0,0,0,0,0,0,0,0,0,0,0,0,0,0,0,0,0.8750172,0,0,0,0,0,0,0,0,0,0,0,0,0,0,0,0,0,1
37.2,0,0,0,0,0,0,0,0,0,0,0,0,0,0,0,0,0,0,0,0,0,0,0,0,3.682734,0,0,0,0,0,0,0,0,0,0,0,0,0,0,0,0,0,1
39.03333,0,0,0,0,0,0,0,0,0,0,0,0,0,0,0,0,0,0,0,0,0,0,0,0,0.2569048,0,0,0,0,0,0,0,0,0,0,0,0,0,0,0,0,0,1
39.1,0,0,0,0,0,0,0,0,0,0,0,0,0,0,0,0,0,0,0,0,0,0,0,0,2.773195,0,0,0,0,0,0,0,0,0,0,0,0,0,0,0,0,0,1
